user_id,age,gender,location,preferences
1,54,Female,South Lindsaychester,"Rezone,S-TELL,Smartex"
2,28,Male,Dixonport,"CAT,Samsung,ZTE"
3,54,Male,Sarahmouth,"Blackview,Fly,Crosscall"
4,32,Male,Mcclurechester,"myPhone,Smartex,Blackview"
5,43,Male,East Jacobburgh,"Xiaomi,ERGO,General"
6,41,Male,East Juliemouth,"Bluboo,HTC,Fly"
7,42,Female,Sarahshire,"Vodafone,Microsoft,Oukitel"
8,65,Male,Jenniferton,"UMIDIGI,OnePlus,Ulefone"
9,57,Female,New Ericfurt,"Globex,HTC,Smartex"
10,18,Female,Port Ryan,"DOOGEE,Philips,Motorola"
11,33,Female,East Jordan,"Honor,Nomi,Bluboo"
12,49,Female,New James,"Astro,Sigma mobile,Nomi"
13,65,Male,New Shannonfort,"DOOGEE,Elephone,Archos"
14,27,Male,Hollowayside,"Maxcom,Land,Nokia"
15,56,Male,New Adrianside,"KENEKSI,Jinga,Elephone"
16,26,Female,North Thomas,"Motorola,Coolpad,myPhone"
17,20,Male,Michaelport,"Assistant,Globex,Philips"
18,47,Male,South Dawnberg,"Land,Lenovo,myPhone"
19,20,Male,Baileyburgh,"Lenovo,Nokia,Smartex"
20,29,Male,Susanview,"2E,OnePlus,KENEKSI"
21,59,Male,Bellbury,"Sigma mobile,Motorola,KENEKSI"
22,25,Male,Smithshire,"Crosscall,Elephone,Apple"
23,25,Male,Christinashire,"Viaan,2E,S-TELL"
24,32,Male,Port Nathanland,"Sony,Jinga,Microsoft"
25,49,Male,Lake Richard,DOOGEE
26,48,Female,South Kevinshire,"Vodafone,Land,Microsoft"
27,32,Female,Robinsonstad,"Philips,Coolpad,AGM"
28,39,Male,South Jonathanside,"Tecno,Assistant,Microsoft"
29,61,Female,Gabrielaport,"ASUS,Land,Microsoft"
30,45,Male,Zacharyshire,"Land,ALCATEL,Honor"
31,50,Male,Devonland,"Xiaomi,Meizu,Sony"
32,33,Male,East Michael,"vivo,Ulefone,Apple"
33,29,Female,Lake Scottside,"DOOGEE,ASUS,Vernee"
34,50,Male,Cohenburgh,"Vodafone,MAFAM,ASUS"
35,58,Female,New Sean,"Blackview,Jinga,Prestigio"
36,18,Female,Allenmouth,"OnePlus,Elephone,Nokia"
37,50,Male,New Ashley,"vivo,ZTE,AGM"
38,47,Male,New Mark,"Coolpad,Crosscall,MAFAM"
39,57,Male,Cartertown,"Elephone,Sigma mobile,Prestigio"
40,24,Female,Cortezview,"Nokia,Sony,Assistant"
41,54,Male,North Jonathan,"realme,Assistant,Philips"
42,38,Female,East Michael,"iOutdoor,Microsoft,Oukitel"
43,36,Male,Huntside,"HUAWEI,Coolpad,S-TELL"
44,63,Male,Thomastown,"Bluboo,iOutdoor,Xiaomi"
45,56,Female,East Stephanie,"Sharp,2E,Smartex"
46,51,Female,Freemanside,"Assistant,BlackBerry,Meizu"
47,56,Male,Boyleport,"Cubot,myPhone,Sharp"
48,54,Male,West Joshua,"Archos,Apple,OnePlus"
49,51,Female,East Carolyn,"General,Elephone,Astro"
50,65,Female,Port Robyn,"iOutdoor,myPhone,Rezone"
51,29,Male,Port Patrickfort,"Google,Meizu,Microsoft"
52,29,Female,Wendystad,"Elephone,NUU,Bravis"
53,36,Female,Judithtown,"myPhone,OnePlus,Motorola"
54,24,Female,New Alyssaview,"MAFAM,Prestigio,Archos"
55,18,Male,Patrickview,"ASUS,Rezone"
56,40,Male,Stewartbury,"Fly,LEAGOO,2E"
57,37,Male,Tapiahaven,"Jinga,Lenovo,General"
58,32,Female,Kevinmouth,"Vernee,realme,ALCATEL"
59,57,Male,Adamsville,"BlackBerry,LEAGOO,Bravis"
60,37,Female,New Ericville,"Sharp,Fly,Assistant"
61,25,Female,South Shawnside,"Jinga,iOutdoor,Maxcom"
62,19,Male,Lake Jeffreychester,"Motorola,Apple,OnePlus"
63,65,Female,Lake Jacquelineport,"Sigma mobile,Elephone,Crosscall"
64,55,Male,Jeffreytown,"Viaan,Ulefone,vivo"
65,56,Male,Jasonview,"Jinga,2E,Meizu"
66,26,Male,North Megan,"Prestigio,Google,ASUS"
67,21,Male,Amyton,"Ulefone,HTC,realme"
68,52,Male,Lake Annafurt,"CAT,iOutdoor,Crosscall"
69,31,Female,Anthonyport,"Bluboo,Meizu,Vodafone"
70,32,Female,Timothymouth,"HTC,2E,OPPO"
71,21,Male,Lake Davidhaven,"Fly,Sharp,ZTE"
72,23,Female,Erichaven,"KENEKSI,ZTE,ERGO"
73,40,Female,Port Tabitha,"Land,Coolpad,Archos"
74,19,Female,Port Martha,"Tecno,S-TELL,Land"
75,59,Female,Grahamstad,"HTC,Motorola,Nokia"
76,60,Female,Shawnaport,"Assistant,ZTE,LG"
77,36,Female,Harveyhaven,"Tecno,Nomi,CAT"
78,64,Female,Thomasstad,"Tecno,OPPO,ERGO"
79,21,Female,Rogerfort,"S-TELL,Bravis,Google"
80,50,Male,Davenportton,"Archos,Google,Meizu"
81,20,Male,Richardsonberg,"Coolpad,Bravis,Google"
82,31,Female,Christinabury,"HTC,Samsung,Apple"
83,24,Female,Christophermouth,"LG,iOutdoor,Land"
84,31,Female,Randybury,"Globex,BlackBerry,Astro"
85,43,Male,Markbury,"OPPO,Fly,iOutdoor"
86,59,Female,Richardfort,"Sharp,Prestigio,Crosscall"
87,22,Male,Lake Taylorport,"Assistant,Xiaomi,Motorola"
88,26,Female,Sarahville,"Lenovo,Bravis,General"
89,34,Male,Curtisshire,"LG,Maxcom,myPhone"
90,41,Male,New Aprilfurt,"Oukitel,Meizu,S-TELL"
91,40,Male,Courtneychester,"MAFAM,Fly,Elephone"
92,45,Male,Michaelhaven,"BlackBerry,General,Tecno"
93,61,Male,Cindyhaven,"Crosscall,vivo,S-TELL"
94,46,Male,Port Nicole,"Apple,Oukitel,UMIDIGI"
95,26,Female,Matthewsport,"HUAWEI,Bluboo,Samsung"
96,49,Male,Kentville,"Viaan,Maxcom,Globex"
97,24,Male,West Christy,"myPhone,Vernee,Coolpad"
98,44,Female,Lake Jenniferview,"Honor,LEAGOO,ASUS"
99,28,Male,Robertstad,"HUAWEI,Archos,DOOGEE"
100,19,Male,Sotoberg,"iOutdoor,Elephone,realme"
101,18,Male,Lake Mariatown,Land
102,42,Female,Perezmouth,"BlackBerry,Meizu,Archos"
103,63,Male,Jakefort,"Fly,Apple,General"
104,39,Male,East John,"Microsoft,Prestigio,Coolpad"
105,61,Male,West Margaretmouth,"LEAGOO,ALCATEL,ASUS"
106,36,Female,East Jennifer,"Elephone,Astro,KENEKSI"
107,49,Female,New Traci,"DOOGEE,ERGO,HUAWEI"
108,39,Male,Mcdonaldtown,"Apple,Crosscall,UMIDIGI"
109,56,Male,Port Kellyberg,"Nomi,Tecno,Coolpad"
110,33,Female,South Jameshaven,"Vernee,CAT,KENEKSI"
111,20,Female,Espinozashire,"DOOGEE,ALCATEL,Cubot"
112,40,Male,West John,"Cubot,Google,Rezone"
113,24,Male,Diazburgh,"KENEKSI,OnePlus,Smartex"
114,43,Male,Lake Kaylachester,"Smartex,Meizu,Tecno"
115,28,Female,West Rickychester,"Tecno,Smartex,Astro"
116,39,Male,West Kimberlyville,"DOOGEE,CAT,Rezone"
117,22,Female,Meyersville,"Oukitel,Motorola,vivo"
118,27,Male,Jamesside,"realme,Elephone,Land"
119,58,Female,West Erik,"Meizu,ZTE,Ulefone"
120,40,Female,South Scott,"OPPO,Lenovo,Bluboo"
121,49,Male,Floydville,"CAT,2E,OPPO"
122,40,Female,Lewismouth,"Land,OPPO,Motorola"
123,34,Female,Patriciastad,"ALCATEL,AGM,Vernee"
124,56,Female,New Kevin,"Smartex,Fly,BlackBerry"
125,59,Female,South Tinafurt,"LG,Philips,Viaan"
126,41,Female,Lopezborough,"iOutdoor,Google,Nokia"
127,47,Male,Lake Kristyland,"Cubot,General,Jinga"
128,63,Male,Johnsonstad,"LG,Sharp,Astro"
129,34,Female,Davidfort,"Maxcom,Blackview,Vodafone"
130,51,Female,New Jason,"ERGO,AGM,Nokia"
131,24,Male,Grayfurt,"Cubot,ASUS,vivo"
132,36,Male,West John,"Vodafone,Lenovo,Oukitel"
133,44,Female,Dawnburgh,"Sigma mobile,Oukitel,ALCATEL"
134,39,Male,Wallfort,"OPPO,vivo,Astro"
135,30,Female,North Wendyburgh,"OPPO,Motorola,2E"
136,52,Female,East Andrewberg,"Assistant,ERGO,Xiaomi"
137,65,Male,Charlesmouth,"AGM,Maxcom,Rezone"
138,38,Male,Port Alejandrohaven,"Crosscall,Microsoft,ALCATEL"
139,39,Female,New Jakeborough,"Bluboo,Ulefone,realme"
140,32,Male,Gibsonport,"ASUS,Samsung,2E"
141,32,Male,Boydfurt,"Sigma mobile,myPhone,Ulefone"
142,25,Male,Silvaport,"BlackBerry,Vodafone,AGM"
143,28,Female,Lake Jennifer,"Honor,Smartex,2E"
144,41,Female,West Shane,"AGM,Bravis,Bluboo"
145,27,Female,Rodriguezside,"Sony,AGM,Samsung"
146,32,Male,West Andreafort,"Rezone,Coolpad,Blackview"
147,40,Male,North Jessica,"Jinga,Sigma mobile,Apple"
148,29,Male,Thomasburgh,"BlackBerry,Philips,Rezone"
149,27,Male,North Randall,"Sigma mobile,MAFAM,vivo"
150,33,Female,Lake Steven,"iOutdoor,Tecno,Land"
151,19,Male,Lake Shannon,"Assistant,OPPO,Samsung"
152,23,Male,South Cynthia,"2E,HUAWEI,BlackBerry"
153,29,Male,Samanthaville,"UMIDIGI,KENEKSI,S-TELL"
154,26,Female,North Julie,"Ulefone,CAT,Land"
155,18,Male,Lake Stephen,"Philips,S-TELL,Coolpad"
156,39,Male,Mosleymouth,"Lenovo,Prestigio,Sharp"
157,19,Female,Rebeccaville,Lenovo
158,55,Female,Allenberg,"Globex,General"
159,50,Female,North Caseyview,"MAFAM,NUU,myPhone"
160,19,Female,Ronaldmouth,"Tecno,Ulefone,Cubot"
161,35,Male,North Natasha,"Smartex,Apple,Maxcom"
162,52,Female,Carlhaven,"NUU,Apple,ZTE"
163,57,Male,Troyport,"Land,LG,Sigma mobile"
164,38,Female,Sherriburgh,"HTC,ZTE,Samsung"
165,59,Male,New Ambermouth,"Ulefone,CAT"
166,59,Female,West Janiceside,"Meizu,vivo,Blackview"
167,23,Female,North Nancymouth,"Viaan,ASUS,Honor"
168,41,Male,Wardbury,"Rezone,NUU,OPPO"
169,63,Female,East Stephen,"myPhone,Xiaomi,Coolpad"
170,37,Female,Port Nicholeport,"myPhone,MAFAM,2E"
171,25,Female,Melodyfort,"Apple,vivo,Honor"
172,56,Female,Carterbury,"ZTE,DOOGEE,Elephone"
173,35,Female,Savannahmouth,"Cubot,Samsung,Vodafone"
174,41,Male,West Jonathan,"Globex,Prestigio,Honor"
175,47,Male,Tinaport,"Astro,OPPO,S-TELL"
176,47,Male,New Eric,"Jinga,Honor"
177,37,Female,South Sarahton,"Elephone,Sigma mobile,Sharp"
178,56,Female,Maxwellhaven,"HUAWEI,Samsung,ERGO"
179,31,Male,Samuelside,"ASUS,CAT,Google"
180,32,Female,Lake Stephanieton,"OnePlus,ALCATEL,HTC"
181,28,Female,North Josephfurt,"Bravis,Ulefone,Nokia"
182,36,Female,North Julie,"Microsoft,Viaan,Oukitel"
183,58,Female,Carolview,"Sony,ERGO,Motorola"
184,37,Male,Jenniferfort,"Nokia,LG,Prestigio"
185,30,Female,New Katherine,"2E,Oukitel,Honor"
186,27,Female,Lake Brendaport,"Lenovo,ERGO,Rezone"
187,39,Female,Alexandriafort,"NUU,Smartex,Xiaomi"
188,28,Female,East Juan,"Sharp,Jinga,HTC"
189,31,Female,Port Kelly,"Lenovo,S-TELL,Honor"
190,37,Female,Henrymouth,"Samsung,Viaan,S-TELL"
191,50,Female,South Marcus,"Vodafone,Cubot,Xiaomi"
192,32,Female,South Emmaland,"BlackBerry,Google,LG"
193,60,Male,Castrochester,"Coolpad,myPhone,Fly"
194,41,Female,Jamesfurt,"Cubot,Nokia,Philips"
195,63,Male,Phillipsfurt,"Archos,ASUS,ZTE"
196,47,Male,Francisport,"BlackBerry,Maxcom,Meizu"
197,42,Female,Ramirezton,"Honor,UMIDIGI,Elephone"
198,23,Male,New Christophertown,"ERGO,Nokia,S-TELL"
199,38,Female,Holtberg,"Coolpad,myPhone,Honor"
200,59,Female,Rickybury,"Nokia,Elephone,Vernee"
201,41,Male,Estradaview,"realme,Blackview,CAT"
202,63,Male,South Christopherbury,"ZTE,2E,Globex"
203,41,Female,Lake Jamieberg,"Microsoft,Ulefone,Blackview"
204,25,Male,New Amyport,Crosscall
205,38,Female,New Ashleyville,"Microsoft,DOOGEE,ZTE"
206,30,Female,Port Clairetown,"Sony,Viaan,Vernee"
207,18,Male,East Loretta,"vivo,ASUS,Assistant"
208,22,Male,Melissaport,"Ulefone,Samsung"
209,21,Female,North Kristinebury,"Cubot,Elephone,iOutdoor"
210,37,Male,West Mary,"Archos,Samsung,HTC"
211,28,Female,Johnstonfort,"Crosscall,Viaan,Assistant"
212,65,Male,Fishermouth,"MAFAM,Vernee,Lenovo"
213,60,Male,North Pamside,"Microsoft,Ulefone,Viaan"
214,62,Male,Petersenport,"Rezone,Coolpad,Land"
215,31,Female,Jimfurt,"Globex,Astro,2E"
216,28,Female,Lawrencechester,"Viaan,KENEKSI,Coolpad"
217,58,Male,Tinabury,"KENEKSI,Smartex,Bluboo"
218,34,Female,Hannahtown,"BlackBerry,Fly,DOOGEE"
219,51,Male,North Curtisberg,"Viaan,ERGO,Vodafone"
220,40,Female,West Jacob,"Motorola,2E,realme"
221,33,Female,Franciscofort,"Globex,Ulefone,HTC"
222,50,Male,Port Kathy,"HTC,S-TELL,Fly"
223,23,Female,Pattonburgh,"Nomi,MAFAM,Land"
224,47,Female,Chelsealand,"ASUS,OnePlus,CAT"
225,35,Male,Lake Johnathanchester,"Samsung,Fly,vivo"
226,53,Female,Port Theresa,"Fly,Oukitel,Apple"
227,26,Male,South Jenniferland,"S-TELL,Samsung,Xiaomi"
228,45,Female,Ericaville,"Samsung,Jinga,Land"
229,58,Male,Franklintown,"LG,Meizu,Tecno"
230,57,Male,New Ericaville,"HUAWEI,Cubot,Maxcom"
231,47,Female,Port Jennifer,"Oukitel,Prestigio,ALCATEL"
232,36,Male,New Valerie,"ALCATEL,Philips,General"
233,54,Male,Millerville,"Viaan,2E,BlackBerry"
234,26,Female,East Cindy,"Crosscall,Lenovo,Rezone"
235,38,Male,Port Emilyfort,"Globex,UMIDIGI,Sony"
236,25,Female,Lisaport,"Samsung,ERGO,HUAWEI"
237,51,Female,Lake Paulborough,"Rezone,HUAWEI,Oukitel"
238,20,Male,North Ashley,"Archos,UMIDIGI,Sigma mobile"
239,65,Female,Nicholsonmouth,"KENEKSI,CAT,Vodafone"
240,27,Male,Port Claudiafort,"Nokia,myPhone,KENEKSI"
241,20,Male,Jessicatown,"AGM,Sigma mobile,realme"
242,31,Male,Port Georgetown,"UMIDIGI,Archos,Prestigio"
243,56,Male,Thomasville,"Sharp,Vodafone,2E"
244,56,Male,North Edward,"Lenovo,Meizu,ASUS"
245,59,Male,North Maryville,"KENEKSI,ERGO,BlackBerry"
246,57,Male,South Destiny,"Meizu,General,Philips"
247,19,Female,Jamesmouth,"S-TELL,Astro,Maxcom"
248,25,Male,Mckenzieland,"BlackBerry,Nokia,Jinga"
249,44,Female,Margaretburgh,"Bravis,Vernee,Honor"
250,50,Male,Millerhaven,"myPhone,Philips,2E"
251,26,Female,Port Sabrina,"Rezone,Smartex,DOOGEE"
252,41,Female,Gregoryberg,"CAT,LEAGOO,Honor"
253,34,Female,South Michael,"Philips,Google,OnePlus"
254,63,Female,East Michelle,"BlackBerry,ALCATEL,Lenovo"
255,61,Female,New Heidi,"vivo,Apple,LEAGOO"
256,50,Male,Ortizside,"vivo,Nokia,BlackBerry"
257,51,Male,East Richard,"OnePlus,S-TELL,CAT"
258,56,Female,Seanview,"Ulefone,Sony,Vernee"
259,40,Male,Cherylmouth,"Blackview,DOOGEE,Land"
260,47,Female,Pattonton,"Rezone,myPhone,Vodafone"
261,24,Female,Villanuevaborough,"Assistant,Smartex,Nomi"
262,56,Female,North Bryanchester,"Fly,Bravis,Elephone"
263,47,Female,South Eric,"Meizu,Google,Ulefone"
264,29,Female,Garyshire,"ALCATEL,Lenovo,Jinga"
265,40,Male,Brittneyport,"OnePlus,LG,Honor"
266,36,Male,Port Susanborough,NUU
267,48,Male,Smithside,"Samsung,Tecno,Rezone"
268,19,Male,Lake Mandychester,"ASUS,Honor,Sony"
269,59,Male,Ingramhaven,"Philips,Maxcom,Meizu"
270,30,Female,Petersonshire,"BlackBerry,HUAWEI,Bluboo"
271,34,Male,North Richardside,"Smartex,Prestigio,General"
272,39,Male,West Gabrielhaven,"ALCATEL,Archos,vivo"
273,26,Female,New Stephanieton,"Meizu,Google,HUAWEI"
274,39,Female,Lisahaven,Microsoft
275,42,Female,West Andreaport,"Viaan,Cubot,Sigma mobile"
276,26,Male,New Nathan,"Sigma mobile,2E,S-TELL"
277,49,Male,Jerrybury,"ALCATEL,Jinga,CAT"
278,53,Female,Barbaraborough,"Vernee,Sigma mobile,OnePlus"
279,26,Female,Welchfort,"Archos,vivo,Bluboo"
280,29,Male,Lake Tammystad,"LG,Vodafone,Motorola"
281,35,Female,Danielmouth,"Fly,2E,Crosscall"
282,30,Male,New Ashleychester,"Honor,LEAGOO,MAFAM"
283,42,Male,Wayneport,"ERGO,HUAWEI,Bluboo"
284,32,Male,Morenobury,"myPhone,Crosscall,DOOGEE"
285,50,Female,South Raymondmouth,"Microsoft,LG,myPhone"
286,40,Female,South Davidfort,"Astro,UMIDIGI,Ulefone"
287,33,Male,South Kellyland,"Cubot,Philips,Bravis"
288,59,Male,North Ryanshire,"Land,Viaan,Tecno"
289,50,Male,North Nicholas,"DOOGEE,Cubot,myPhone"
290,55,Female,Rossborough,"Microsoft,Sharp,Google"
291,47,Male,Danaport,"General,MAFAM,LEAGOO"
292,58,Male,Lake Scotttown,"LG,HUAWEI,ZTE"
293,47,Female,North Brittany,"Elephone,Vernee,2E"
294,29,Female,Laurabury,"Globex,Microsoft,Philips"
295,59,Female,Port Jessica,"vivo,General,Bravis"
296,33,Female,North Williamfort,"CAT,Motorola,Sigma mobile"
297,44,Female,South Lisaberg,"ASUS,Motorola,realme"
298,41,Male,Joneshaven,"General,HTC,Sigma mobile"
299,48,Female,Port Traceyside,"Sharp,Bluboo,Honor"
300,23,Female,Port Valeriefort,"KENEKSI,Viaan,2E"
301,27,Male,Munozbury,"Honor,Cubot,OnePlus"
302,34,Male,East Francesshire,"OnePlus,Ulefone,Apple"
303,65,Female,North Billyberg,"Motorola,Vodafone,MAFAM"
304,43,Male,Scottburgh,"Archos,Sigma mobile,Assistant"
305,43,Female,Morrisburgh,"Philips,Viaan,2E"
306,50,Female,Jenniferberg,"HUAWEI,realme,ERGO"
307,39,Female,East Christopherborough,"AGM,Bravis,Rezone"
308,20,Female,Penamouth,"ERGO,Honor,Tecno"
309,52,Female,East Lisa,"Archos,HTC,Smartex"
310,55,Male,Bentonshire,"Cubot,Viaan,Ulefone"
311,20,Female,Lake Craig,"vivo,DOOGEE,Land"
312,20,Male,Port Kristinafurt,Apple
313,61,Male,Lake Brooke,"Microsoft,Philips,Google"
314,19,Female,Meyerfurt,"myPhone,Prestigio,2E"
315,21,Female,Port Margaret,"Nokia,LG,Vodafone"
316,23,Male,East Tylermouth,"Meizu,Cubot,ZTE"
317,47,Female,East Amandafurt,"Assistant,Sony,Bluboo"
318,38,Male,Ortiztown,"realme,Xiaomi,Assistant"
319,39,Female,Port Davidtown,"Astro,MAFAM,Elephone"
320,60,Male,Mullenmouth,"Nomi,Sigma mobile,Coolpad"
321,27,Male,Lake Patricia,Crosscall
322,48,Female,East Elizabeth,"vivo,Fly,ALCATEL"
323,56,Female,East Julianmouth,"ZTE,Bravis,Apple"
324,27,Male,Jeanettemouth,"Honor,Astro,ALCATEL"
325,64,Female,Normanmouth,"ASUS,Sharp,Assistant"
326,25,Female,Millerhaven,"Apple,Honor,Elephone"
327,50,Female,Perezmouth,"Crosscall,UMIDIGI,Motorola"
328,25,Male,South Mandy,"Vernee,Astro,CAT"
329,50,Male,Lake Andrew,"ASUS,Sony,iOutdoor"
330,45,Female,Lake Katrinatown,"Microsoft,Archos,Crosscall"
331,21,Male,Johnsonburgh,"Bravis,Vernee,Fly"
332,47,Female,East Craig,"Maxcom,Rezone,Motorola"
333,23,Male,Wangbury,"Honor,Bluboo,Bravis"
334,57,Female,Lake Michael,"CAT,MAFAM,iOutdoor"
335,47,Male,Rodriguezville,"Elephone,Ulefone,S-TELL"
336,60,Male,Petersview,"vivo,BlackBerry,Meizu"
337,18,Male,North Bailey,"Vernee,Apple,UMIDIGI"
338,43,Female,Tonibury,"Sony,ERGO,Vodafone"
339,22,Male,Andersonfurt,"Sharp,Bluboo,AGM"
340,30,Female,Staceyview,"HUAWEI,Samsung,2E"
341,48,Female,Darrylview,"Sigma mobile,HUAWEI,iOutdoor"
342,53,Female,Obrienhaven,"Motorola,S-TELL,NUU"
343,23,Male,Josephtown,"Prestigio,Samsung,Vernee"
344,20,Male,West Craig,"myPhone,Lenovo,Fly"
345,38,Female,Lake Emily,"Apple,OnePlus,Bluboo"
346,21,Male,North Codyton,"2E,ASUS,iOutdoor"
347,60,Male,North Steven,"Nomi,Apple,realme"
348,52,Male,Port Katelynstad,"Vernee,Bluboo,BlackBerry"
349,51,Female,Wellsshire,"Elephone,CAT,Sigma mobile"
350,58,Male,Berryport,"Sony,Elephone,Motorola"
351,40,Male,Kellymouth,LG
352,44,Male,Michaelmouth,"Google,Bluboo,HUAWEI"
353,54,Female,Sherylchester,"Vernee,LEAGOO,Bravis"
354,39,Female,Annview,"MAFAM,Rezone,LG"
355,20,Male,Jenniferton,"ALCATEL,Lenovo,ASUS"
356,43,Male,West Lindsey,"Prestigio,Jinga,Meizu"
357,47,Male,Reyesmouth,"Nokia,realme,Sigma mobile"
358,18,Male,New Betty,"Prestigio,ASUS,LG"
359,52,Female,Phillipside,"General,HTC,Land"
360,53,Female,North Rebecca,"Philips,MAFAM,NUU"
361,50,Female,Perryshire,"Nomi,Coolpad,Sony"
362,24,Female,Port David,"2E,CAT,Sigma mobile"
363,55,Female,Aaronland,"Coolpad,Microsoft,ERGO"
364,45,Female,Robinsonfort,"BlackBerry,Vernee,Philips"
365,29,Female,Port James,"Apple,Coolpad,Jinga"
366,52,Male,West Sarah,"Elephone,Rezone,Lenovo"
367,53,Female,West Paul,"Ulefone,OPPO,Archos"
368,35,Female,Williamstad,"NUU,realme,Ulefone"
369,31,Female,New Jasonfurt,"Maxcom,Archos,ASUS"
370,34,Male,Lake Adrianside,"CAT,Samsung,Maxcom"
371,18,Female,Hillhaven,"Samsung,BlackBerry,LG"
372,19,Male,Lake Glendaview,"Microsoft,Vernee,Smartex"
373,64,Male,Wilkinsontown,"ZTE,realme,Fly"
374,41,Female,Atkinsfort,"Lenovo,Astro,Nomi"
375,35,Male,New Scottside,"iOutdoor,Crosscall,Tecno"
376,41,Female,Michelleville,"Sharp,LG,S-TELL"
377,60,Female,East Sally,"LG,Viaan,Bravis"
378,46,Female,Floydview,"Nomi,Maxcom,General"
379,26,Male,Brewerport,"ERGO,Tecno,Sigma mobile"
380,22,Male,Mooretown,"Google,Jinga,Globex"
381,52,Male,Gregport,"Apple,ASUS,vivo"
382,28,Male,Garrisonfurt,"Cubot,Globex,Nomi"
383,30,Male,Bakerland,"Blackview,Bluboo,Assistant"
384,52,Female,West Michael,"Sony,Microsoft,Globex"
385,25,Male,Whitneyhaven,"Nokia,Blackview"
386,37,Male,Ellisbury,"Motorola,DOOGEE,ALCATEL"
387,45,Male,North Jennifermouth,"ASUS,realme,Google"
388,44,Female,Port Anna,"Vodafone,LG,Crosscall"
389,21,Female,Adamborough,"Viaan,MAFAM,OPPO"
390,55,Male,East Ronald,"LG,Elephone"
391,45,Male,Myerstown,"Nokia,DOOGEE,Assistant"
392,56,Female,South Brianna,"BlackBerry,Fly,Blackview"
393,65,Female,West Zachary,"Tecno,Archos,Crosscall"
394,54,Male,Miguelport,"Bluboo,Astro,iOutdoor"
395,33,Female,Port Margaret,"CAT,OnePlus,iOutdoor"
396,60,Male,West Katieton,"Bluboo,Assistant,Jinga"
397,47,Female,Andrewborough,"Smartex,NUU,Nomi"
398,28,Female,Lake Michaelfurt,"Coolpad,Cubot,ERGO"
399,58,Male,New Ryanshire,"LG,Motorola,Apple"
400,18,Male,Williamfurt,"HTC,Nokia,S-TELL"
401,58,Female,Mckayshire,"KENEKSI,Sony,Crosscall"
402,52,Female,East Reginafurt,"Bluboo,Samsung,Nomi"
403,60,Male,Teresaville,"Coolpad,Jinga,Rezone"
404,63,Female,Lake Benjaminberg,"OPPO,BlackBerry,MAFAM"
405,44,Male,South Ashley,"Xiaomi,Samsung,UMIDIGI"
406,18,Female,Jessicatown,"vivo,Smartex,Elephone"
407,55,Female,Jonesview,"Bravis,Sigma mobile,Prestigio"
408,54,Female,Scotthaven,"Fly,AGM,BlackBerry"
409,32,Female,New Cynthiaville,"Fly,Jinga,Samsung"
410,33,Male,South Ariel,"NUU,Archos,Samsung"
411,18,Female,Jefferyport,"Archos,KENEKSI,Nomi"
412,51,Female,East Maryside,"Samsung,BlackBerry,iOutdoor"
413,33,Female,Estradaview,"KENEKSI,Sony,CAT"
414,43,Female,Danielfort,"myPhone,LG,Jinga"
415,26,Female,Hunterton,"General,Sigma mobile,myPhone"
416,60,Female,Jenniferville,"Sharp,vivo,Vodafone"
417,62,Male,Barbermouth,"Meizu,Tecno,DOOGEE"
418,38,Female,Lake Jason,"vivo,S-TELL,HTC"
419,62,Female,South Danabury,"HUAWEI,Astro,Sony"
420,40,Female,Port Michellebury,"Samsung,Elephone,HUAWEI"
421,52,Male,Ramosmouth,"Elephone,CAT,BlackBerry"
422,56,Female,North Brandon,"Vernee,Microsoft,Sony"
423,63,Male,Carrbury,"MAFAM,2E,ASUS"
424,43,Male,Montgomeryside,"KENEKSI,Globex,DOOGEE"
425,19,Female,Port Elizabethborough,"HTC,Sony,AGM"
426,57,Female,West Patrick,"DOOGEE,BlackBerry,OnePlus"
427,21,Female,Ryanmouth,"Microsoft,KENEKSI,Astro"
428,18,Male,East Cameron,"Apple,Vernee,Vodafone"
429,18,Male,South Frank,"OPPO,Sigma mobile,Sharp"
430,61,Male,Butlerport,"Crosscall,Land,Apple"
431,46,Male,Eatonberg,"Smartex,UMIDIGI,HTC"
432,58,Female,West Marc,"ALCATEL,Sharp,KENEKSI"
433,48,Male,East Kimberly,"Vernee,2E,S-TELL"
434,40,Male,South Christine,"Oukitel,Vodafone,Assistant"
435,52,Female,Montgomeryfurt,"Prestigio,DOOGEE,Rezone"
436,33,Female,South Ashley,"ERGO,Lenovo,KENEKSI"
437,60,Female,Jacksontown,"Vodafone,KENEKSI,MAFAM"
438,27,Male,Flowersstad,"Archos,Sigma mobile,Sharp"
439,34,Male,Tranborough,"Cubot,ERGO,Prestigio"
440,53,Male,Stephensonstad,"HUAWEI,Land,Sigma mobile"
441,29,Female,Gilmoreview,"ASUS,Archos,Lenovo"
442,21,Female,Lindastad,"LEAGOO,S-TELL,Ulefone"
443,65,Female,New Ashley,"NUU,KENEKSI,Tecno"
444,50,Male,Lake Erik,"Vodafone,Sony,Maxcom"
445,51,Male,Moniquechester,"ERGO,ASUS,OnePlus"
446,48,Male,Lake Marystad,"S-TELL,Smartex,2E"
447,32,Female,Hermanmouth,"Archos,Elephone,iOutdoor"
448,57,Female,Wagnerburgh,"AGM,Blackview,2E"
449,33,Male,Pruittmouth,"ZTE,Assistant,Nomi"
450,52,Male,Port Michaelborough,"Ulefone,Sharp,Maxcom"
451,42,Female,Lake Carrie,"Assistant,Nomi,Vernee"
452,38,Female,Sandovalbury,"Archos,Bravis,realme"
453,29,Male,Port Melanie,"Bluboo,OPPO,Assistant"
454,44,Male,Mooreville,"Blackview,S-TELL,Motorola"
455,31,Male,Shannonfort,"Prestigio,Land,Sony"
456,46,Female,Taylorport,"vivo,Vernee,Sigma mobile"
457,57,Female,Hollyborough,"Cubot,Prestigio,Sharp"
458,45,Female,Lake Alexandershire,"myPhone,Motorola,Smartex"
459,35,Female,South Kendra,"iOutdoor,Smartex,Astro"
460,53,Female,West Nicholehaven,"OPPO,Sigma mobile,ERGO"
461,43,Male,Elizabethstad,"UMIDIGI,HTC,Microsoft"
462,53,Male,Millerbury,"Apple,Nomi,Assistant"
463,42,Male,Charlesville,"MAFAM,ZTE,CAT"
464,46,Male,Port Jennifer,"AGM,Oukitel,Astro"
465,43,Female,Burnsfort,"Philips,BlackBerry,ERGO"
466,27,Male,Port Amanda,"Globex,ALCATEL,vivo"
467,42,Female,Port Jeffery,"DOOGEE,Nokia,Crosscall"
468,23,Female,Haleyfort,"Bravis,Nomi,LEAGOO"
469,23,Female,Cannonside,"Tecno,Philips,Vernee"
470,24,Male,Natashaburgh,"Viaan,Globex,Ulefone"
471,56,Female,Rileychester,"MAFAM,CAT,Vodafone"
472,22,Male,New Laura,"NUU,AGM,Apple"
473,42,Female,South Laurie,"Land,UMIDIGI,Astro"
474,19,Female,Bobbyburgh,"Google,Honor,Nokia"
475,24,Male,Brownfurt,"Bluboo,Nomi,vivo"
476,24,Male,Donnastad,"UMIDIGI,HTC,CAT"
477,24,Male,South Warren,"General,Maxcom,ZTE"
478,34,Female,Port Donald,"Cubot,Oukitel,Sigma mobile"
479,42,Female,Sweeneyside,"Oukitel,Motorola,Vodafone"
480,26,Male,Jeffville,"Lenovo,2E,Jinga"
481,34,Male,North Christown,"Tecno,ZTE,Astro"
482,36,Male,Ryantown,"OPPO,Oukitel,Assistant"
483,55,Male,Johnchester,"OPPO,2E,Sharp"
484,27,Female,East Gary,"Rezone,Oukitel,Vodafone"
485,64,Male,New Jonathan,"Blackview,S-TELL,AGM"
486,26,Male,Phillipbury,"Nomi,Apple,Sony"
487,47,Female,Camposberg,"ZTE,ALCATEL,Blackview"
488,38,Female,Rachaelton,"Apple,BlackBerry,OnePlus"
489,33,Male,Lake Alexandrialand,"Maxcom,OPPO,Motorola"
490,34,Female,Ayalaside,"Archos,Apple,Viaan"
491,62,Male,East Donnafort,"LG,Oukitel,Sigma mobile"
492,33,Female,Lisafurt,"OPPO,AGM,Tecno"
493,30,Female,Cunninghamton,"General,Crosscall,Prestigio"
494,56,Female,Lake Krista,"ALCATEL,Sony,HUAWEI"
495,52,Male,Garciaton,"Sharp,realme,Smartex"
496,48,Female,South Toddport,"General,Viaan,Globex"
497,40,Female,Timport,"Elephone,Globex,AGM"
498,37,Male,Hannahborough,"Xiaomi,OnePlus,Blackview"
499,64,Female,Eugeneville,"General,Astro,HUAWEI"
500,61,Female,Jimenezchester,"HUAWEI,ALCATEL,Philips"
501,48,Male,Lake David,"2E,Microsoft,Vodafone"
502,24,Male,Ramosfort,"Vernee,Fly,Samsung"
503,35,Male,Michaelton,"Blackview,Philips,Apple"
504,38,Female,Emilybury,"vivo,Philips,2E"
505,43,Male,Jasonbury,"OPPO,Land,Globex"
506,20,Female,Nicoleside,"ALCATEL,Motorola,Meizu"
507,18,Male,New Christinafurt,"Sigma mobile,Ulefone,General"
508,31,Male,Port Taraberg,"Prestigio,DOOGEE,HUAWEI"
509,50,Male,Lake Jennifer,"Motorola,Sony,Archos"
510,54,Female,East Christopher,"2E,Prestigio,General"
511,53,Female,Markland,"Cubot,ALCATEL,Blackview"
512,60,Male,Bradleybury,"General,Ulefone,Maxcom"
513,27,Male,Shawnview,"Philips,Bravis,Maxcom"
514,57,Male,Johnsonville,"Globex,NUU,Vernee"
515,19,Female,Mathisshire,"Nomi,CAT,ALCATEL"
516,52,Female,Ginamouth,"Sharp,Motorola,Bravis"
517,29,Male,East Nathanfort,"Jinga,vivo,Microsoft"
518,31,Male,East Melissaland,"Elephone,Sony,Assistant"
519,49,Male,East Jeffrey,"Maxcom,Bravis,DOOGEE"
520,29,Male,Sparksmouth,"Meizu,OnePlus,BlackBerry"
521,60,Male,Garcialand,"Oukitel,Bluboo,KENEKSI"
522,59,Male,Lisastad,"Google,Bravis,Honor"
523,57,Female,Gonzalezview,"HUAWEI,Maxcom,Nokia"
524,20,Male,North Melissaton,"Bluboo,Motorola,Elephone"
525,39,Female,Tarahaven,"CAT,2E,MAFAM"
526,57,Female,Scotttown,"Sharp,Meizu,Elephone"
527,18,Male,Sextonside,"Honor,ALCATEL,Blackview"
528,36,Female,Lopezbury,"ASUS,General,Crosscall"
529,44,Male,Lake Amandaland,"Bluboo,Meizu,Archos"
530,58,Female,New Dawn,"ALCATEL,ERGO,Motorola"
531,29,Female,Ashleyview,Vernee
532,60,Female,Kellyville,"Blackview,Bravis"
533,49,Female,Michaelborough,"Oukitel,Apple,OnePlus"
534,62,Male,Gilberttown,"DOOGEE,S-TELL,Maxcom"
535,51,Male,Huangmouth,"Coolpad,NUU,ZTE"
536,25,Female,Lake Scott,"vivo,ZTE,Motorola"
537,53,Female,Sharonfurt,"ASUS,DOOGEE,myPhone"
538,38,Female,Lake Barryborough,"realme,Land,Fly"
539,31,Male,Derekberg,"CAT,ZTE,Viaan"
540,19,Female,Hamiltonburgh,"Vodafone,Assistant,Blackview"
541,64,Female,Alexandrialand,"Viaan,NUU,Nokia"
542,50,Male,Pruittview,"Viaan,Honor,Sony"
543,35,Male,Harrischester,"Microsoft,Google,NUU"
544,44,Female,Lisabury,"realme,MAFAM,Fly"
545,41,Male,East Saraland,"Meizu,Cubot,MAFAM"
546,47,Female,Bennetttown,"Bravis,Samsung,DOOGEE"
547,49,Male,Duncanland,"Prestigio,Google,Coolpad"
548,36,Male,Karenmouth,"AGM,Samsung,NUU"
549,48,Male,Jasonland,"ERGO,General,Motorola"
550,22,Male,Brookeland,"Coolpad,ZTE,Astro"
551,59,Female,New Ryan,"Viaan,LG,AGM"
552,19,Female,Nortonville,"BlackBerry,iOutdoor,Samsung"
553,31,Female,Allisonburgh,"Oukitel,S-TELL,ERGO"
554,54,Male,East Dillonbury,"vivo,KENEKSI,Jinga"
555,24,Female,New Susan,"Bravis,vivo,LG"
556,51,Female,Lake Erinview,"NUU,Meizu,Land"
557,61,Male,Michaelside,"Blackview,iOutdoor,AGM"
558,60,Female,Campbellchester,"Nomi,Microsoft,OnePlus"
559,25,Female,Ryanfurt,"OnePlus,BlackBerry,Tecno"
560,43,Female,West Gavin,"HUAWEI,Vernee,Sharp"
561,19,Female,Parkermouth,"S-TELL,Elephone,Microsoft"
562,36,Male,West Stephenview,"Sharp,DOOGEE,Nomi"
563,33,Male,Veronicamouth,"vivo,Fly,HTC"
564,38,Female,Scottview,"Nomi,CAT,Ulefone"
565,25,Female,Beasleytown,"HUAWEI,Nokia,Coolpad"
566,59,Male,Melindaborough,"Maxcom,realme,Globex"
567,62,Female,Clarkefurt,"Philips,myPhone,Oukitel"
568,37,Male,Port Tyler,"Smartex,DOOGEE,Cubot"
569,31,Male,Harrisberg,"OnePlus,Land,DOOGEE"
570,30,Male,West Cassandraview,"Oukitel,Astro,Coolpad"
571,21,Male,Tylerside,"Apple,Google,Nokia"
572,23,Male,West Amy,"Ulefone,Cubot"
573,53,Female,Lake Kathrynfurt,"myPhone,Honor,DOOGEE"
574,27,Female,Crystalchester,"LEAGOO,OPPO,vivo"
575,65,Male,Port Michael,"S-TELL,myPhone,Sigma mobile"
576,49,Female,North Angela,"Blackview,Elephone,BlackBerry"
577,45,Female,Kristopherville,"OnePlus,Prestigio,Blackview"
578,18,Female,East Dean,"Apple,realme,Crosscall"
579,38,Male,North Carrieburgh,"myPhone,Bravis,Google"
580,46,Male,Wendyshire,"Fly,DOOGEE,HTC"
581,22,Male,West Laurenside,"Microsoft,OPPO,Globex"
582,32,Male,Thomasview,"General,Bravis,Assistant"
583,63,Female,Lake Cameron,"Bluboo,Jinga,Viaan"
584,51,Male,Phillipfort,"ALCATEL,Blackview,Fly"
585,40,Female,Davistown,"Sharp,Viaan,Fly"
586,64,Female,East Elizabeth,"Viaan,Sony,Cubot"
587,30,Male,New Sarahmouth,"HUAWEI,vivo,Coolpad"
588,46,Male,Fernandezstad,"BlackBerry,Philips,Coolpad"
589,51,Female,New David,HTC
590,25,Female,South Miguelberg,"Assistant,Prestigio,Sharp"
591,43,Female,New Michael,"LG,Samsung,OPPO"
592,34,Male,Davidstad,"NUU,ERGO,Nomi"
593,44,Male,West Amytown,"ERGO,Fly,Nokia"
594,65,Female,Drakechester,"Smartex,Vodafone,Nokia"
595,55,Male,Joshuafurt,"Land,CAT,Jinga"
596,26,Male,West Scott,"UMIDIGI,Vodafone,Nomi"
597,26,Male,New Julianview,"Crosscall,UMIDIGI,Archos"
598,41,Female,Lake Kevinville,"AGM,OPPO,Globex"
599,30,Female,Wilsonmouth,"vivo,Samsung,AGM"
600,41,Female,Lake Frankview,"Blackview,S-TELL,Maxcom"
601,57,Male,Boyerberg,"Crosscall,Vodafone,iOutdoor"
602,62,Female,Lake Robertmouth,"vivo,Elephone,ALCATEL"
603,40,Male,Trujillostad,"KENEKSI,UMIDIGI,Fly"
604,48,Female,Karenside,"Prestigio,ALCATEL,Astro"
605,50,Male,Russelltown,"Viaan,Apple,General"
606,60,Female,Serranoton,"Astro,ASUS,Bravis"
607,60,Female,North Kayla,"Lenovo,iOutdoor,Sigma mobile"
608,23,Male,Jacobland,"Crosscall,Xiaomi,Sharp"
609,30,Male,Henrybury,"MAFAM,Smartex,myPhone"
610,23,Female,Port Christopherport,"iOutdoor,Archos,Samsung"
611,47,Female,Loriton,"LEAGOO,MAFAM,Astro"
612,18,Male,Jenniferton,"Sharp,LG,Honor"
613,45,Female,East John,"UMIDIGI,BlackBerry,myPhone"
614,41,Male,South Virginiamouth,"Fly,AGM,NUU"
615,34,Male,Leetown,"General,Elephone,Globex"
616,51,Female,North Sandra,"Tecno,iOutdoor,Crosscall"
617,45,Male,East Jessica,"Philips,HTC,myPhone"
618,37,Male,South Ronaldburgh,"Archos,Globex,Fly"
619,35,Female,Schroederland,"S-TELL,Ulefone,Nomi"
620,49,Female,Sheilamouth,"Vernee,Fly,ASUS"
621,60,Female,Johnsonmouth,"Coolpad,Land,Globex"
622,39,Male,Shannonville,"Blackview,Viaan,Cubot"
623,60,Female,Lauriemouth,"ASUS,Bravis,Google"
624,42,Male,Lake Lindseyhaven,"Assistant,Apple,vivo"
625,60,Female,East Jamesmouth,"myPhone,Honor,LEAGOO"
626,41,Male,Weaverchester,"Vodafone,myPhone,HUAWEI"
627,63,Female,Velezton,"Meizu,BlackBerry,Sigma mobile"
628,31,Female,Greenmouth,"Elephone,Prestigio,Nomi"
629,31,Female,New Andreaborough,"Vernee,Assistant,Land"
630,28,Female,Staceybury,"CAT,HTC,Ulefone"
631,58,Male,Kathyburgh,"General,Vernee,Bravis"
632,22,Female,Johnsonfort,"AGM,OPPO,Elephone"
633,27,Female,East Allison,"Blackview,Google,Tecno"
634,41,Female,Christinefort,"OPPO,Assistant,Archos"
635,63,Male,New Jennifer,"2E,Philips,Microsoft"
636,33,Female,Christybury,"Xiaomi,Rezone,vivo"
637,64,Male,Barnesview,"ASUS,Blackview"
638,27,Male,Jonesstad,"Sharp,Archos,Nokia"
639,22,Male,Lake Sonia,"Viaan,Cubot,General"
640,36,Male,North Seth,"Bluboo,Motorola,Ulefone"
641,44,Female,Lake Williamfort,"Lenovo,Fly,Vernee"
642,34,Female,Michaelmouth,"Google,ASUS,Maxcom"
643,30,Female,Eatonport,"S-TELL,Microsoft,General"
644,44,Female,North Brittany,"Blackview,OnePlus,Xiaomi"
645,37,Male,North Amy,"Astro,UMIDIGI,MAFAM"
646,61,Male,Matthewsmouth,"KENEKSI,S-TELL,Bluboo"
647,53,Male,Lake Alexandershire,"Globex,Xiaomi,Assistant"
648,22,Male,Whitneyshire,"CAT,Meizu,Microsoft"
649,62,Female,Port Cathy,"Archos,Blackview,Maxcom"
650,48,Male,South Tanya,"HTC,Land,Blackview"
651,20,Male,North Gregoryview,"ERGO,Bluboo,2E"
652,33,Male,Lake Theresa,"iOutdoor,ALCATEL,LG"
653,47,Female,Port Zachary,"HTC,Bluboo,Globex"
654,27,Female,North Sherryside,"General,CAT,Viaan"
655,42,Male,New Nancy,"Sharp,Sony,Archos"
656,39,Female,North Robertfort,"AGM,iOutdoor,Apple"
657,48,Male,East Johnnyport,"Globex,Vernee,Sharp"
658,26,Female,Evanfurt,Fly
659,58,Male,South Jennifer,"Blackview,Meizu,ASUS"
660,21,Male,Hugheshaven,"Xiaomi,ALCATEL,NUU"
661,62,Female,West Johnton,"OPPO,Astro,OnePlus"
662,22,Female,West Daniellemouth,"BlackBerry,Maxcom"
663,48,Male,Port Kristi,"AGM,Assistant,ALCATEL"
664,60,Female,Jamesberg,"realme,Samsung,Prestigio"
665,59,Male,West Kelly,"UMIDIGI,Jinga,Blackview"
666,31,Male,South Monicafurt,"iOutdoor,KENEKSI,ASUS"
667,41,Female,Elizabethview,"Samsung,Nokia,Meizu"
668,20,Female,Saramouth,"ALCATEL,Fly,NUU"
669,52,Male,Salasmouth,"MAFAM,Meizu,AGM"
670,61,Male,New Kelly,"Microsoft,Archos,Oukitel"
671,21,Female,Michaelmouth,"Coolpad,ZTE,Vernee"
672,57,Female,Byrdberg,OPPO
673,58,Female,West Allisonborough,"HTC,Vernee,Apple"
674,31,Male,Joshuabury,"Astro,Jinga,Archos"
675,36,Female,Port Andrewbury,"Vernee,Philips,Sigma mobile"
676,64,Male,North Williamstad,"Nokia,HUAWEI,Philips"
677,59,Male,Sherribury,"Globex,NUU,MAFAM"
678,62,Male,Samanthamouth,"Assistant,myPhone,DOOGEE"
679,51,Female,Colemanside,"OnePlus,iOutdoor,realme"
680,47,Female,Thomasstad,"Crosscall,Astro,LEAGOO"
681,46,Female,Lake Jessica,"Bluboo,Assistant,Microsoft"
682,61,Female,Martinside,"Microsoft,Fly,AGM"
683,65,Male,Leachhaven,"HUAWEI,Nokia,Oukitel"
684,62,Male,New David,"Archos,Sony,Oukitel"
685,58,Male,North Ashley,"myPhone,Assistant,Vodafone"
686,42,Female,Lake Graceton,"OPPO,KENEKSI,2E"
687,57,Female,Lisachester,"Sony,KENEKSI,DOOGEE"
688,30,Female,Ortizberg,"Viaan,Sharp,Nokia"
689,31,Female,West Robertport,"Maxcom,AGM,BlackBerry"
690,38,Female,New Michaelstad,"ZTE,Google,General"
691,43,Female,Laurenville,"Land,Xiaomi,Coolpad"
692,44,Female,New Leah,"Nomi,Cubot,Apple"
693,31,Female,Port Barrybury,"Fly,LG,Vernee"
694,30,Female,Weeksville,"LEAGOO,Philips"
695,35,Male,Leechester,"Sharp,HTC,Nomi"
696,25,Female,Andrewfort,"Crosscall,Motorola,Bluboo"
697,59,Female,Lake Vernonstad,"Lenovo,Cubot,LG"
698,36,Female,Chavezmouth,"Oukitel,vivo,Prestigio"
699,18,Female,West Tyler,"Viaan,Philips,AGM"
700,51,Female,South Hollymouth,"KENEKSI,ASUS,Archos"
701,60,Female,North Michaelfort,"Archos,OnePlus,Rezone"
702,58,Female,Bryanmouth,"DOOGEE,Oukitel,Motorola"
703,49,Female,Stanleyland,"Nomi,iOutdoor,ASUS"
704,18,Female,North Andrew,"Microsoft,Crosscall,Sharp"
705,19,Male,East Nancyside,"LG,Archos,Xiaomi"
706,58,Female,West Krystal,"Nokia,Sony,OPPO"
707,53,Female,Lake Davidshire,"HUAWEI,Sigma mobile,Crosscall"
708,26,Male,Port John,"Coolpad,Vernee,2E"
709,30,Female,Port Jessicamouth,"Lenovo,Microsoft,ZTE"
710,48,Male,New Cameron,DOOGEE
711,47,Female,Port Samantha,"HUAWEI,UMIDIGI,Cubot"
712,41,Female,South Barbarachester,"Tecno,Fly,Cubot"
713,28,Male,South Travis,"Nokia,LG,Oukitel"
714,24,Male,Theresamouth,"Coolpad,Vodafone,Blackview"
715,47,Male,South Elizabethmouth,"OnePlus,realme,Sigma mobile"
716,46,Female,East Micheleport,"Bluboo,Tecno,Coolpad"
717,55,Female,Christinemouth,"Nomi,vivo,realme"
718,38,Female,Chelseaview,"Assistant,NUU"
719,18,Male,North Brooke,"Nomi,Microsoft,Philips"
720,21,Male,Erintown,"Viaan,NUU,Xiaomi"
721,24,Female,Port Mary,"UMIDIGI,Vernee,Tecno"
722,51,Male,Steveton,"NUU,ALCATEL,DOOGEE"
723,63,Male,Port Sierra,"Archos,Assistant,Microsoft"
724,50,Male,West Misty,"UMIDIGI,Blackview,NUU"
725,49,Female,South Stephaniehaven,"Xiaomi,Cubot,Nomi"
726,46,Female,East Michaelfort,"General,Cubot,ZTE"
727,31,Female,Sherryborough,"Cubot,Tecno,Jinga"
728,36,Female,East Ericmouth,"Ulefone,Sigma mobile,Apple"
729,19,Female,Wilkersonside,"AGM,Rezone,ASUS"
730,41,Female,South Tonyabury,"Tecno,Land,myPhone"
731,59,Male,Lake Thomas,"LG,Nomi,AGM"
732,32,Male,Port Danielton,"ASUS,Fly,Sigma mobile"
733,25,Female,South Kimberly,"Rezone,UMIDIGI,Philips"
734,30,Male,Thomasmouth,"Archos,2E,Land"
735,63,Female,Matthewborough,"OnePlus,UMIDIGI,HTC"
736,48,Female,Mayside,"Astro,BlackBerry,DOOGEE"
737,29,Female,New Kristenburgh,"Viaan,Microsoft,Fly"
738,51,Female,Port Robert,"Vernee,LEAGOO,Ulefone"
739,31,Male,Tranburgh,"Sharp,Coolpad,Vodafone"
740,44,Male,Nancybury,"LEAGOO,OnePlus,General"
741,21,Female,Tiffanyport,"Cubot,Crosscall,Honor"
742,62,Male,West Shannon,"Motorola,HTC,2E"
743,30,Male,Christensenfurt,"Samsung,Viaan,OnePlus"
744,49,Female,Joyceshire,"Elephone,S-TELL,Maxcom"
745,52,Female,Arthurshire,"Vodafone,Cubot,HTC"
746,36,Female,Taraside,"Fly,CAT,ERGO"
747,34,Female,West Donna,"Sigma mobile,Nokia,Tecno"
748,58,Male,Lake Alan,"Rezone,BlackBerry,vivo"
749,54,Male,Christinafort,"Viaan,Nomi,ALCATEL"
750,40,Male,Jensenmouth,"OPPO,LEAGOO,Globex"
751,62,Male,West Lindseystad,"vivo,2E,Assistant"
752,40,Male,Lake Alishachester,"Vernee,CAT,Assistant"
753,22,Male,Port Lauren,"HTC,Sony,MAFAM"
754,19,Male,New Aaron,"General,Smartex,Globex"
755,50,Male,East Amy,"Xiaomi,Smartex,Ulefone"
756,54,Male,Lake Douglas,"Fly,Nomi,NUU"
757,21,Male,West Johnmouth,"Sharp,ALCATEL,Sigma mobile"
758,48,Female,New Allenhaven,"Apple,Motorola,ERGO"
759,45,Male,Antoniobury,"Sigma mobile,Viaan,myPhone"
760,31,Female,Deborahborough,"myPhone,Sharp,ZTE"
761,52,Female,East Alexanderton,"HTC,OnePlus,Vernee"
762,49,Male,Meganburgh,"Smartex,Prestigio,Sigma mobile"
763,26,Female,West John,"Nokia,Xiaomi,Viaan"
764,42,Female,Lauraview,"Crosscall,Sony,ASUS"
765,47,Female,Phillipsborough,"Rezone,Blackview,Assistant"
766,24,Male,East Katherineborough,"ALCATEL,iOutdoor,Microsoft"
767,45,Male,Cookside,"AGM,Nomi,ERGO"
768,37,Female,Wallacemouth,"ERGO,Crosscall,Meizu"
769,48,Male,South Loganborough,"ERGO,vivo,OPPO"
770,58,Male,Cruzland,"Elephone,realme,Smartex"
771,38,Female,Stevenview,"OnePlus,Apple"
772,20,Female,South Jeremyshire,"Oukitel,iOutdoor,KENEKSI"
773,38,Female,Rayville,"HUAWEI,Fly,Philips"
774,45,Female,Danielside,"Bravis,myPhone,Apple"
775,44,Male,Wigginsville,"2E,vivo,realme"
776,29,Male,West John,"Honor,Cubot,CAT"
777,63,Male,New Denise,"KENEKSI,Motorola,OnePlus"
778,25,Male,Adkinsland,"Lenovo,CAT,Jinga"
779,61,Male,Ericamouth,"UMIDIGI,Nokia,Oukitel"
780,43,Male,Alexanderberg,"Coolpad,Assistant,Samsung"
781,41,Female,Dominicburgh,"Honor,Vernee,ERGO"
782,33,Male,Laceychester,"LG,Philips,Vodafone"
783,39,Male,Chandlerberg,"Coolpad,ASUS,Bravis"
784,18,Female,Fowlerhaven,"Maxcom,Sony,Viaan"
785,52,Female,Lake Dannyside,"LEAGOO,Microsoft,Nokia"
786,45,Female,Bergburgh,"LG,HUAWEI,Rezone"
787,49,Female,East Christopherborough,"Viaan,Vernee,Nomi"
788,35,Female,Ellenport,"UMIDIGI,Apple,Motorola"
789,52,Female,Moniqueport,"Meizu,Crosscall,UMIDIGI"
790,63,Female,Michaelton,"Viaan,Apple,Globex"
791,56,Female,South Angelachester,"Oukitel,HUAWEI,Sony"
792,22,Male,Brianshire,"Prestigio,Bluboo,DOOGEE"
793,56,Male,West Stephanieborough,"Bravis,Oukitel,Lenovo"
794,21,Female,South Eric,"Globex,Google,CAT"
795,43,Male,West Richardville,"Nomi,AGM,Cubot"
796,31,Female,Port Christophermouth,"UMIDIGI,Sigma mobile,Apple"
797,49,Male,East Catherineberg,Meizu
798,54,Male,North Rachel,"Bravis,Blackview,Nomi"
799,41,Female,Fieldsshire,"Viaan,Samsung,Nomi"
800,31,Female,Rachelberg,"Rezone,DOOGEE,AGM"
801,40,Male,East Michelleshire,"realme,LEAGOO,Cubot"
802,53,Female,West Gregoryberg,"CAT,vivo,ALCATEL"
803,40,Female,Sanderstown,"vivo,Land,Smartex"
804,52,Male,Morganville,"Honor,Sharp,Assistant"
805,48,Male,Rachelfort,"Cubot,Samsung,Globex"
806,60,Female,Kennethstad,"Assistant,Honor,Vodafone"
807,49,Female,New Michellestad,"Vernee,UMIDIGI,Meizu"
808,53,Male,Stevensside,"HTC,AGM,Globex"
809,45,Female,Port Jennifer,"realme,HUAWEI,Vernee"
810,64,Male,Stevenburgh,"Elephone,Globex,Archos"
811,53,Male,East Kathryn,"S-TELL,ZTE,vivo"
812,19,Male,Greenbury,"Tecno,General,Maxcom"
813,29,Male,Port Ashley,"realme,Astro,Oukitel"
814,41,Male,Frederickchester,"ERGO,Meizu,Crosscall"
815,57,Male,North Joshualand,"NUU,Honor,HUAWEI"
816,48,Male,Joseborough,"Maxcom,realme,Prestigio"
817,59,Male,Port Chad,"myPhone,ALCATEL,Bluboo"
818,46,Male,North Lori,"Microsoft,iOutdoor,NUU"
819,58,Female,Port Micheal,"Elephone,Land,Philips"
820,19,Male,Martinezfort,"ZTE,OnePlus,iOutdoor"
821,22,Male,Jennifermouth,"Microsoft,HTC,Vodafone"
822,37,Female,Ricestad,"Lenovo,HUAWEI"
823,30,Male,Lake Henryborough,"LG,ALCATEL,Astro"
824,55,Male,Valeriemouth,"CAT,Sigma mobile,Maxcom"
825,52,Female,Port Kathyton,"Samsung,NUU,Vodafone"
826,22,Female,Thomasfurt,"Motorola,Elephone,Philips"
827,18,Male,Port Dana,"Nomi,Bluboo,CAT"
828,58,Male,Debrachester,Viaan
829,33,Male,Port Brandonside,"Nomi,General,HUAWEI"
830,38,Female,Waltonmouth,"myPhone,iOutdoor,Elephone"
831,49,Male,Hannahmouth,"OnePlus,Tecno,KENEKSI"
832,56,Female,South Ericton,"Oukitel,AGM,Apple"
833,62,Male,New Nicoleshire,"Xiaomi,Viaan,Cubot"
834,49,Female,Nixontown,"LG,ASUS,Blackview"
835,38,Female,North Paigeborough,"S-TELL,LEAGOO,Motorola"
836,36,Female,Charlesfort,"Bluboo,Nomi,Bravis"
837,53,Male,Aaronfurt,"realme,AGM,Samsung"
838,41,Female,East Valeriebury,"Bravis,OPPO,Nokia"
839,36,Female,Port Patrick,"Prestigio,Cubot,Microsoft"
840,28,Female,Matthewmouth,"Prestigio,Lenovo,Rezone"
841,28,Female,Torresview,"Nomi,Bluboo,Tecno"
842,19,Male,East Robin,"Ulefone,ALCATEL,Philips"
843,56,Male,West Patrickberg,"Cubot,Jinga,Archos"
844,23,Male,Reneeport,"Maxcom,Lenovo,MAFAM"
845,65,Male,East Ryanview,"KENEKSI,2E,Nomi"
846,29,Male,New William,"ERGO,LG,Oukitel"
847,61,Female,Kevinborough,"Apple,Land,ASUS"
848,65,Female,North Rodney,"2E,realme,Cubot"
849,39,Male,Kaylatown,"2E,KENEKSI,ZTE"
850,38,Male,Amystad,"iOutdoor,Assistant,Rezone"
851,25,Male,Batestown,"Crosscall,Ulefone,Astro"
852,26,Male,West Joyce,"realme,MAFAM,Bluboo"
853,59,Female,East Elizabeth,"HTC,Rezone,General"
854,44,Male,Comptonmouth,"iOutdoor,Vodafone,realme"
855,54,Male,South Gabrielshire,"Microsoft,Sigma mobile,Astro"
856,65,Male,North Steven,"LEAGOO,vivo,Assistant"
857,56,Male,Amandaberg,"Tecno,Rezone,Globex"
858,41,Male,New Tara,"Bluboo,Crosscall,Google"
859,56,Male,South Paulchester,"CAT,Astro,OnePlus"
860,43,Female,New Warren,"OnePlus,Prestigio,Meizu"
861,52,Male,Williamsside,"Archos,Elephone,Maxcom"
862,56,Male,Shaunburgh,"OPPO,Maxcom,Nokia"
863,41,Male,Martinezmouth,"S-TELL,Apple,HUAWEI"
864,62,Female,Samanthaville,"HUAWEI,Microsoft,iOutdoor"
865,58,Male,Port Williamport,"vivo,Maxcom,LG"
866,50,Female,Lisaland,"Sigma mobile,Apple,OPPO"
867,51,Female,Mccarthyside,"Meizu,myPhone,Apple"
868,39,Female,North Johnnystad,"LEAGOO,LG,Nomi"
869,23,Male,Brianton,"LG,General,Globex"
870,61,Female,Lake John,"OnePlus,Xiaomi,ASUS"
871,43,Male,South Matthew,"myPhone,Meizu,Assistant"
872,44,Female,South Ryan,"Fly,Philips,2E"
873,65,Male,Lake Jennifer,"Land,Elephone,Google"
874,58,Female,Lake Denise,"Jinga,Smartex,NUU"
875,61,Male,Rogershaven,"Bluboo,OnePlus,Sigma mobile"
876,27,Female,Port Emma,"S-TELL,Maxcom,DOOGEE"
877,28,Male,South Melanieport,"ERGO,NUU,Elephone"
878,38,Female,Hardyland,"BlackBerry,Cubot,Lenovo"
879,25,Female,Vaughnview,"Astro,Motorola,NUU"
880,55,Female,Parkerfurt,"LG,Nokia,ZTE"
881,34,Female,Hendricksmouth,"Rezone,BlackBerry,LEAGOO"
882,55,Male,Vincentside,"Bluboo,Viaan,Apple"
883,40,Female,Port Samuelhaven,"Jinga,Philips,Vodafone"
884,59,Female,Port Andrew,"Maxcom,OPPO,HTC"
885,49,Female,Stephaniefurt,"Philips,Vernee,Maxcom"
886,36,Male,West Pamela,"Apple,NUU,Assistant"
887,65,Female,South Kevinbury,"myPhone,Astro,BlackBerry"
888,32,Male,Port Sarah,"Apple,Viaan,Blackview"
889,18,Male,South Tracey,"Archos,Tecno,DOOGEE"
890,30,Male,Melissafort,"Maxcom,Coolpad,Fly"
891,37,Male,Courtneyberg,"OnePlus,Fly,HTC"
892,54,Male,Hallton,"HTC,Vernee,Oukitel"
893,27,Female,Sheilaborough,"Viaan,Lenovo,Vernee"
894,44,Male,Blankenshipmouth,"realme,Bravis,Prestigio"
895,52,Male,East Destinyberg,"ALCATEL,realme,Rezone"
896,28,Male,East Melissa,"Xiaomi,OnePlus,Sony"
897,31,Female,New Hannah,"ZTE,HUAWEI,Microsoft"
898,64,Male,Wilsonhaven,"Crosscall,Honor,MAFAM"
899,54,Male,North Maryfurt,"Archos,Honor,Philips"
900,23,Male,Lake Nicholas,"Bravis,Elephone,Vodafone"
901,38,Female,South Rose,"KENEKSI,Apple,realme"
902,56,Male,Roberttown,"vivo,Maxcom,Assistant"
903,64,Male,East Valerie,"Apple,vivo,ALCATEL"
904,35,Female,Lake Nicole,"Viaan,Rezone,OPPO"
905,22,Female,Benjaminton,"Samsung,Microsoft,KENEKSI"
906,23,Female,North Kent,"Crosscall,Jinga,Astro"
907,28,Female,Tammymouth,"iOutdoor,HUAWEI,Smartex"
908,32,Female,Contreraston,"S-TELL,Honor,Google"
909,23,Female,New Leefort,"UMIDIGI,Jinga,Sony"
910,29,Female,New Chrisfurt,"Sigma mobile,MAFAM,LEAGOO"
911,31,Male,North Andrew,"Land,OnePlus,ALCATEL"
912,29,Male,Brooketon,"vivo,KENEKSI,Sigma mobile"
913,46,Female,Lake Michelleview,"Philips,Vernee,ZTE"
914,61,Female,Armstronghaven,"AGM,Meizu"
915,19,Female,Jessicaville,"Microsoft,Assistant,Nomi"
916,41,Female,Rodriguezland,"Google,CAT,Vodafone"
917,30,Female,Maryberg,"CAT,Bravis,S-TELL"
918,22,Female,Jacksonton,"Astro,CAT,Cubot"
919,20,Female,Port Mary,"Oukitel,Jinga,Sigma mobile"
920,57,Female,East Robin,"Blackview,Apple,Philips"
921,20,Male,New Cesar,"BlackBerry,Vodafone,Archos"
922,22,Male,Sarahville,"Jinga,Prestigio,OPPO"
923,41,Male,West Amandaport,"Archos,ZTE,Vernee"
924,40,Female,Jonesfort,"UMIDIGI,Vodafone,LG"
925,59,Female,Scottside,"OPPO,Google,Astro"
926,30,Female,Moralesfort,"S-TELL,Maxcom,AGM"
927,32,Male,West Johnmouth,"myPhone,Meizu,Globex"
928,20,Male,South Michael,"Sharp,myPhone,Rezone"
929,35,Female,Harringtonville,"HUAWEI,ZTE,Smartex"
930,65,Male,Port Shane,"LEAGOO,Xiaomi,Blackview"
931,20,Female,Evanberg,"myPhone,Oukitel,Apple"
932,18,Female,Chrisshire,"ASUS,Rezone,LEAGOO"
933,19,Female,Kellystad,"Microsoft,Blackview,Apple"
934,62,Female,Meghanbury,"ALCATEL,Prestigio,Vodafone"
935,26,Male,Cohenside,"Honor,Assistant,Motorola"
936,32,Female,Barnesberg,"Vernee,AGM,UMIDIGI"
937,33,Female,Lake John,"realme,Meizu,Lenovo"
938,56,Female,Philiptown,"Smartex,iOutdoor,OnePlus"
939,51,Female,North Lauramouth,"Nokia,BlackBerry,Viaan"
940,54,Male,East Shannon,"Nokia,2E,KENEKSI"
941,29,Male,Lake James,"Land,Maxcom,Vodafone"
942,50,Male,Williamsberg,"Lenovo,Nokia,S-TELL"
943,26,Male,South Crystal,"Honor,Ulefone,Viaan"
944,33,Male,South Annetteberg,"Maxcom,Astro,ASUS"
945,25,Male,Brettland,"OPPO,Honor,LG"
946,20,Female,Kevinside,"Bluboo,2E,vivo"
947,40,Male,New Williamland,"Cubot,UMIDIGI,Jinga"
948,51,Male,Kathrynmouth,"Nokia,CAT,Smartex"
949,31,Female,Josephport,"Bravis,Jinga,Xiaomi"
950,53,Male,Lisaton,"OPPO,Lenovo,myPhone"
951,48,Male,South Allen,"Apple,2E,Lenovo"
952,53,Male,West Brandonfort,"Jinga,Ulefone,Blackview"
953,31,Female,South Diamond,"LG,Motorola,Coolpad"
954,32,Male,Castroshire,Motorola
955,20,Female,Danielview,"Maxcom,Sigma mobile,MAFAM"
956,64,Male,East Monique,"Honor,Vodafone,Elephone"
957,19,Male,Sawyerstad,"Land,Bluboo,HTC"
958,64,Female,East Tanyaside,"Vernee,Sony,ASUS"
959,36,Male,Lake Kristenport,"Xiaomi,myPhone,Astro"
960,55,Female,Henrybury,"Prestigio,OPPO,Nokia"
961,51,Female,Perezmouth,"Sharp,Motorola,Nokia"
962,32,Male,East Laurie,"Oukitel,iOutdoor,Nokia"
963,45,Female,South Andrew,"LG,Blackview,Smartex"
964,19,Female,Tinamouth,"Oukitel,Microsoft,S-TELL"
965,21,Female,West Stephen,"Rezone,Motorola,2E"
966,50,Male,Port Natasha,"Coolpad,Land,Viaan"
967,51,Female,South Kathleentown,"Oukitel,KENEKSI,LG"
968,29,Male,Scottbury,"Lenovo,vivo,Google"
969,27,Male,Williamstown,"Elephone,Archos,Smartex"
970,47,Female,Samuelburgh,"Globex,Lenovo,Honor"
971,46,Male,Chenbury,"Meizu,Xiaomi,Land"
972,64,Male,South Patricia,"Smartex,Jinga,LEAGOO"
973,21,Female,East Donaldton,"OnePlus,Prestigio"
974,41,Male,Lake Mark,Blackview
975,41,Male,Smithtown,"BlackBerry,ZTE,Elephone"
976,45,Female,Nathanberg,"OnePlus,Meizu,Google"
977,64,Female,New Nancy,"Microsoft,ERGO,UMIDIGI"
978,24,Female,Lesterport,"Apple,Vernee,Honor"
979,46,Male,South Michelleport,"Archos,Assistant,Smartex"
980,48,Male,East Darren,"Apple,HTC,Sony"
981,47,Male,Toddshire,"Prestigio,Nokia,LG"
982,62,Male,Lake Valerie,"Apple,ALCATEL,Vernee"
983,24,Female,South Richardberg,"Microsoft,Vernee,ASUS"
984,33,Male,Wallstad,"Honor,Apple,Cubot"
985,28,Female,East Patrick,"Viaan,Coolpad,Honor"
986,51,Female,Lake Cindy,"Viaan,Oukitel,UMIDIGI"
987,39,Female,Sandraport,"Ulefone,UMIDIGI,S-TELL"
988,64,Female,West Angela,"realme,Honor,vivo"
989,27,Male,West John,"Google,Crosscall,Honor"
990,58,Male,Turnertown,"Motorola,Coolpad,vivo"
991,45,Male,Richardside,"Rezone,Prestigio,Oukitel"
992,25,Male,Crystalfurt,"S-TELL,vivo,OPPO"
993,64,Female,Murilloview,"vivo,ERGO,Smartex"
994,29,Male,Chadhaven,"Sigma mobile,Xiaomi,OnePlus"
995,25,Male,Phillipsfurt,"ZTE,realme,Nomi"
996,23,Male,Melissaberg,"2E,Crosscall,Oukitel"
997,55,Male,Cynthiafurt,"Elephone,Maxcom,HTC"
998,54,Male,South Josephstad,Astro
999,28,Male,Carrport,"Xiaomi,UMIDIGI,Honor"
1000,36,Male,South Kristentown,"CAT,Bravis,Elephone"
1001,32,Male,New Shelby,"Blackview,iOutdoor,Honor"
1002,41,Male,New Justin,"Google,2E,Globex"
1003,65,Male,West Deborahview,"Sigma mobile,Nokia,Apple"
1004,47,Female,Khanhaven,"Apple,Sony,Globex"
1005,34,Female,Lucastown,"Prestigio,LEAGOO,Philips"
1006,39,Female,Jenniferton,"Honor,Lenovo,Sony"
1007,55,Female,North Patriciaburgh,"LEAGOO,HUAWEI,HTC"
1008,48,Female,Craigfort,"iOutdoor,Sony,LEAGOO"
1009,38,Male,Josephmouth,"Nomi,Elephone,realme"
1010,57,Female,Martinchester,"Coolpad,Sharp,Google"
1011,34,Female,Coleshire,"Nomi,HTC,realme"
1012,21,Female,North Melissafort,"Philips,Viaan,Land"
1013,24,Female,New Rachelstad,"2E,Bluboo,DOOGEE"
1014,58,Male,West George,"Samsung,Assistant,Blackview"
1015,41,Female,Kimberlyfort,"Elephone,CAT,BlackBerry"
1016,25,Female,Cunninghamborough,"S-TELL,Maxcom,Elephone"
1017,59,Male,New Edward,"Vernee,Bravis,Coolpad"
1018,26,Female,North Rebeccaton,"Archos,BlackBerry,Assistant"
1019,65,Male,East James,"Jinga,Globex,OnePlus"
1020,60,Male,Josephhaven,"ALCATEL,OnePlus,Sharp"
1021,29,Male,New Davidport,"Cubot,ZTE,Fly"
1022,62,Male,North Douglasmouth,"OnePlus,Astro,Fly"
1023,38,Female,Lake Barbara,"Rezone,Maxcom"
1024,55,Female,East Hunter,"General,Elephone,Vodafone"
1025,51,Female,Amyfort,"Bravis,Meizu,Ulefone"
1026,42,Female,Lake Dustinstad,"UMIDIGI,Cubot,Microsoft"
1027,21,Female,East Nicholas,"UMIDIGI,Rezone,Fly"
1028,60,Male,Grossport,"Smartex,HTC,Oukitel"
1029,27,Female,Lisashire,"Tecno,Apple,Samsung"
1030,58,Male,South Jennifer,"Oukitel,Vodafone,ZTE"
1031,32,Female,Michaelburgh,"ERGO,Globex,Maxcom"
1032,61,Male,Henryburgh,Oukitel
1033,39,Male,New Erin,"Philips,Rezone,Fly"
1034,34,Female,Lake Kimberlyhaven,"Xiaomi,Prestigio,UMIDIGI"
1035,38,Female,West Teresa,"Samsung,Honor,Coolpad"
1036,60,Male,Daniellefurt,"HTC,Archos,Philips"
1037,57,Female,New Randy,"Sigma mobile,LEAGOO,ASUS"
1038,42,Female,Boltonfort,"Maxcom,ASUS,vivo"
1039,57,Male,Crosbyborough,"vivo,Vernee,Rezone"
1040,18,Male,Reevesmouth,"S-TELL,vivo,DOOGEE"
1041,49,Male,Wrighttown,"KENEKSI,Apple,Jinga"
1042,28,Female,Port Jacob,"ZTE,Smartex,Maxcom"
1043,44,Male,Johnsontown,"DOOGEE,2E,Bravis"
1044,30,Male,Lake Lorettachester,"Vodafone,Apple,Viaan"
1045,40,Male,Wardchester,"Philips,Ulefone,Astro"
1046,22,Male,Lake David,"2E,General,Vernee"
1047,63,Female,North Christian,"HUAWEI,Nomi,Maxcom"
1048,50,Male,Michaelfort,"Vodafone,Blackview,Crosscall"
1049,56,Male,Anthonyside,"Sharp,Assistant,Apple"
1050,63,Male,Smithberg,"Google,Globex,Bravis"
1051,27,Male,Michaelport,"MAFAM,Sony,Smartex"
1052,63,Male,Josephburgh,"ALCATEL,2E,MAFAM"
1053,48,Female,Johnsonstad,"Motorola,ALCATEL,AGM"
1054,19,Female,East Jeffrey,"OPPO,MAFAM,Fly"
1055,48,Male,Taraport,"AGM,DOOGEE,iOutdoor"
1056,41,Female,Wolfechester,"Vernee,Fly,Xiaomi"
1057,43,Female,Francoview,"ALCATEL,Nokia,Samsung"
1058,60,Female,Reynoldsville,"Tecno,Globex,Microsoft"
1059,52,Female,East Philipchester,"Astro,Meizu,Lenovo"
1060,21,Female,Harveyport,"Vernee,Astro,Coolpad"
1061,51,Male,Josephville,"ZTE,Oukitel,HTC"
1062,50,Male,North Marissa,"Ulefone,Coolpad,myPhone"
1063,29,Female,Weeksview,"Sharp,Philips,Maxcom"
1064,34,Male,Jasonfurt,"Maxcom,Bravis,HTC"
1065,26,Female,Bennettbury,"Vernee,Honor,realme"
1066,38,Male,Kaitlynstad,"UMIDIGI,LEAGOO"
1067,38,Male,Davidstad,"DOOGEE,Lenovo,Fly"
1068,54,Female,Guzmanfort,"MAFAM,Vodafone,OnePlus"
1069,38,Female,Webershire,"General,NUU,HTC"
1070,29,Female,Lyonsmouth,"DOOGEE,UMIDIGI,Oukitel"
1071,29,Female,Chavezmouth,"myPhone,CAT,Honor"
1072,64,Female,West Jason,"Nomi,CAT,Cubot"
1073,23,Male,Nielsenside,"Apple,2E,Motorola"
1074,32,Female,Watkinsland,"2E,AGM,Astro"
1075,58,Male,Lake Vanessaton,"Assistant,Bluboo,Land"
1076,32,Female,New Vincentport,"Honor,LEAGOO,Sony"
1077,53,Male,Williamsburgh,"General,S-TELL,CAT"
1078,52,Male,New Stephanie,"LG,Fly,HTC"
1079,22,Male,East Joshua,"realme,Jinga,KENEKSI"
1080,49,Male,Walshstad,"DOOGEE,Sigma mobile,ALCATEL"
1081,50,Male,Jesseshire,"Tecno,BlackBerry,HUAWEI"
1082,32,Male,Johnberg,"HTC,Vernee,UMIDIGI"
1083,51,Female,West Robertton,"Meizu,Archos,Motorola"
1084,46,Female,Hinesmouth,"ERGO,Honor,Archos"
1085,65,Female,Hancockbury,"HUAWEI,Rezone,General"
1086,55,Female,Port Michael,"realme,UMIDIGI,Land"
1087,19,Female,Kimberlystad,"Xiaomi,ERGO,LEAGOO"
1088,55,Male,Ruthburgh,"KENEKSI,BlackBerry,Samsung"
1089,59,Male,New Lawrence,Sigma mobile
1090,21,Female,Port Robertview,"iOutdoor,Ulefone,realme"
1091,25,Male,Smithbury,"Vodafone,Archos,Jinga"
1092,38,Male,Rosariotown,"Elephone,Oukitel,Motorola"
1093,32,Female,South Steventon,"vivo,Samsung,Sharp"
1094,53,Female,Port Peterfurt,"S-TELL,Apple,Google"
1095,52,Female,Micheleton,"Bravis,AGM,Honor"
1096,26,Female,Heidiland,"Vodafone,UMIDIGI,Nomi"
1097,40,Female,Ashleyview,"Tecno,HTC,iOutdoor"
1098,33,Male,Lake Stephenbury,"Xiaomi,Philips,AGM"
1099,30,Male,Jeffreytown,"Fly,HTC,myPhone"
1100,28,Male,Wilsonton,"Bluboo,Google,Philips"
1101,42,Male,Tonichester,"Fly,ZTE,AGM"
1102,57,Male,Myershaven,"Cubot,Maxcom,Microsoft"
1103,56,Female,Sydneystad,"OPPO,Jinga,Sony"
1104,49,Female,Richardsonport,"OnePlus,General,Apple"
1105,57,Male,Chadchester,"Maxcom,KENEKSI,Lenovo"
1106,31,Male,Kimberlyhaven,"realme,Jinga,Philips"
1107,65,Female,Rodriguezchester,"UMIDIGI,Apple,Meizu"
1108,39,Female,Gordonmouth,"Coolpad,Ulefone,Microsoft"
1109,20,Male,Smithport,"Smartex,Crosscall,BlackBerry"
1110,44,Male,Aguirreberg,"Lenovo,Sharp,Apple"
1111,58,Male,Lake Gina,"Viaan,Blackview,Sharp"
1112,40,Male,Nicoleshire,"NUU,Microsoft,Nomi"
1113,48,Female,Hughesview,"Samsung,Lenovo,Viaan"
1114,64,Female,South Nicholas,"MAFAM,OPPO,Motorola"
1115,44,Female,Chaseberg,"BlackBerry,Oukitel,Maxcom"
1116,37,Female,East Darrellport,"DOOGEE,Honor,Lenovo"
1117,46,Male,Elliottville,"Jinga,Archos,Honor"
1118,34,Male,Lake Jorge,"ALCATEL,Blackview,Samsung"
1119,61,Male,South Jefferystad,"OnePlus,Fly,Ulefone"
1120,46,Female,Andreaton,"AGM,UMIDIGI,DOOGEE"
1121,28,Female,Port Karenland,"UMIDIGI,S-TELL,OPPO"
1122,61,Female,Kristenville,"Blackview,Vernee,Smartex"
1123,31,Male,South Richardmouth,"Vernee,Apple,General"
1124,34,Female,West Levifort,"Prestigio,Coolpad,myPhone"
1125,44,Male,Harristown,"Meizu,Cubot,Oukitel"
1126,48,Male,West Davidview,"DOOGEE,Blackview,HUAWEI"
1127,52,Male,West Paul,"iOutdoor,DOOGEE,Lenovo"
1128,53,Female,Lake Ryanhaven,"Philips,CAT,Microsoft"
1129,50,Male,Pamelamouth,"Vodafone,Honor,Globex"
1130,33,Male,Lake Brendaburgh,"Xiaomi,Ulefone,Sharp"
1131,51,Female,Lake Davidborough,"KENEKSI,OPPO,MAFAM"
1132,46,Male,Gomezborough,"Lenovo,ERGO,iOutdoor"
1133,55,Male,North Stevenhaven,"Meizu,Sharp,Apple"
1134,18,Male,Breannashire,"DOOGEE,Vodafone,S-TELL"
1135,55,Female,Prattton,"Honor,Cubot,Motorola"
1136,20,Female,East Daniel,"Prestigio,Vernee,Sigma mobile"
1137,56,Female,East Bethfort,"General,Maxcom,NUU"
1138,30,Female,Munozmouth,"LEAGOO,Bravis,Philips"
1139,28,Female,Timothyfurt,"LEAGOO,DOOGEE,Maxcom"
1140,24,Male,Aliport,"UMIDIGI,Microsoft,Bravis"
1141,58,Female,Torresborough,"Elephone,ASUS,Tecno"
1142,51,Female,South Huntermouth,"Microsoft,Philips,Sigma mobile"
1143,42,Male,Katieside,"Maxcom,Cubot,Sigma mobile"
1144,63,Female,Peterstad,"LG,Meizu,vivo"
1145,54,Male,Davidhaven,"Astro,Tecno,Smartex"
1146,21,Male,Smithshire,"Maxcom,LEAGOO,Xiaomi"
1147,42,Male,West Jennifer,"Maxcom,Blackview,Philips"
1148,49,Female,Wongville,"Bluboo,ZTE,NUU"
1149,57,Male,Jeffreyfurt,"realme,Xiaomi,Honor"
1150,65,Male,Lake Randall,"Blackview,Assistant,LEAGOO"
1151,21,Female,New Samanthamouth,"Crosscall,Jinga,Motorola"
1152,44,Male,Carlsonhaven,"General,OPPO,Prestigio"
1153,23,Female,Port Devin,"OPPO,Xiaomi,Globex"
1154,63,Female,East Susanberg,"ASUS,Oukitel,Prestigio"
1155,24,Female,South Brandybury,"Crosscall,S-TELL,ASUS"
1156,34,Female,Port Benjaminport,"S-TELL,2E,Bluboo"
1157,48,Male,Port Cheryl,"OnePlus,Google,Blackview"
1158,60,Male,Port Ashleyhaven,"Astro,Rezone,Fly"
1159,63,Male,New Melissaland,"Crosscall,Philips,Samsung"
1160,57,Female,Lopezstad,"Coolpad,ASUS,Sharp"
1161,57,Male,Courtneyville,"Sigma mobile,iOutdoor,Prestigio"
1162,56,Male,Lisabury,"OnePlus,Meizu,Viaan"
1163,23,Female,Jeremyport,"LEAGOO,Bluboo,NUU"
1164,45,Female,South Christianburgh,"Land,LEAGOO,Meizu"
1165,43,Male,West Danielle,"Rezone,Google,Prestigio"
1166,47,Female,Hallbury,"ZTE,Vernee,Lenovo"
1167,61,Female,West Abigail,"Maxcom,Vodafone,Samsung"
1168,29,Male,South Christinafurt,"Bravis,Elephone,Samsung"
1169,53,Female,Raymondville,"realme,Nomi,Blackview"
1170,42,Male,Englishstad,"HUAWEI,DOOGEE,Elephone"
1171,59,Female,West Robinhaven,"Fly,Blackview,Crosscall"
1172,44,Female,Taylormouth,"Nokia,Ulefone,Maxcom"
1173,39,Male,New Paulside,"DOOGEE,KENEKSI,LEAGOO"
1174,25,Female,North Benjamin,"CAT,Ulefone,Philips"
1175,56,Female,Millerchester,"Vodafone,Astro,ASUS"
1176,52,Female,Port Anitashire,"Oukitel,LEAGOO,MAFAM"
1177,52,Female,Matthewville,"Crosscall,vivo,OPPO"
1178,58,Male,New Joshua,Tecno
1179,60,Male,West Willieside,"DOOGEE,Xiaomi,Google"
1180,24,Male,Brownfort,"AGM,Land,Nokia"
1181,36,Female,Brianberg,"LEAGOO,2E,Motorola"
1182,44,Male,Lambchester,"MAFAM,Google,Assistant"
1183,43,Female,Coxmouth,"Philips,General,Bluboo"
1184,27,Female,South William,"DOOGEE,CAT,Vodafone"
1185,43,Female,Tammyfurt,"Vodafone,Sigma mobile,Coolpad"
1186,24,Female,South Emilyburgh,"Oukitel,Bravis,Lenovo"
1187,44,Male,Lake Christopherport,"OPPO,Rezone,ZTE"
1188,34,Female,Lonnieburgh,"realme,Maxcom,Nomi"
1189,34,Female,Port Troyborough,"LEAGOO,BlackBerry,ZTE"
1190,41,Male,Reneeberg,"KENEKSI,Prestigio,Astro"
1191,50,Female,Jamesberg,"LEAGOO,ASUS,Philips"
1192,36,Male,Port Brenda,"Bluboo,Sigma mobile,Bravis"
1193,32,Male,Lake Joseph,"Land,Cubot,Elephone"
1194,32,Male,Thomasborough,"Cubot,DOOGEE,Sigma mobile"
1195,52,Female,Castroville,"realme,Cubot,Bluboo"
1196,26,Female,Jamieport,"Cubot,Maxcom,vivo"
1197,43,Female,Franciscoside,"Vodafone,Assistant,KENEKSI"
1198,45,Male,Freemanberg,"Bluboo,vivo,Microsoft"
1199,38,Male,Lake Desireebury,"Honor,Sony,Xiaomi"
1200,42,Male,Smithberg,"Nomi,Oukitel,realme"
1201,46,Male,Jeffreyside,"Nokia,Tecno,Fly"
1202,58,Male,Tanyachester,"Bluboo,Lenovo,ERGO"
1203,22,Female,Rowlandside,"Jinga,Bravis,Vodafone"
1204,56,Female,South Nathanberg,"Cubot,Rezone,Vodafone"
1205,63,Female,Bushstad,"Ulefone,AGM,Honor"
1206,48,Male,Vasquezton,"LG,CAT,Microsoft"
1207,43,Male,Jeffersonberg,"Bravis,realme,Land"
1208,42,Male,East Zacharymouth,"CAT,Globex,Fly"
1209,40,Female,Lancefurt,"Smartex,Bravis,MAFAM"
1210,63,Female,Lake Laurie,"Samsung,myPhone,Astro"
1211,65,Female,Aimeebury,"Cubot,Blackview,Vernee"
1212,55,Female,South Amberland,"ERGO,LG,Jinga"
1213,28,Female,Jacksonville,"Vodafone,Sigma mobile,Motorola"
1214,25,Male,Lake Pamela,"LG,CAT,Globex"
1215,62,Male,West Kennethchester,"vivo,Meizu,NUU"
1216,35,Female,Kathrynmouth,"Nokia,Samsung,Land"
1217,54,Male,Lake Bryanville,"Elephone,myPhone,Lenovo"
1218,39,Female,Mcclainfurt,"Vodafone,Nokia,Maxcom"
1219,36,Female,Rushside,"vivo,Vodafone,Oukitel"
1220,63,Female,Kimtown,"Bravis,myPhone,Samsung"
1221,63,Male,Luismouth,"Sony,Astro,realme"
1222,35,Male,Fowlerberg,"2E,KENEKSI,General"
1223,18,Female,South Amy,"Rezone,myPhone,Vodafone"
1224,64,Female,Lake Juliehaven,Meizu
